state,bill_cagr,gsdp_cagr,diff
jammu and kashmir,0.16533966280211465,0.10966403867537289,0.05567562412674176
himachal pradesh,0.12035612049122402,0.06399567714526877,0.05636044334595525
punjab,0.15989997798793065,0.07978235865162842,0.08011761933630224
chandigarh,0.105090082422163,0.07731248568979643,0.027777596732366572
uttarakhand,0.09851297327609077,0.08284487266007257,0.0156681006160182
haryana,0.1523566661694069,0.10061865896000444,0.05173800720940247
delhi,0.09560869923076454,0.08567849272983574,0.009930206500928795
rajasthan,0.17217874559258495,0.10951450087550674,0.06266424471707821
uttar pradesh,0.1347837652959183,0.09924635065285026,0.03553741464306803
bihar,0.15204794787109166,0.08898542167808143,0.06306252619301023
sikkim,0.15306597158017388,0.10791413217618717,0.045151839403986704
arunachal pradesh,0.23614589387047236,0.0969371545740163,0.13920873929645605
nagaland,0.16277818356211515,0.06249768840030412,0.10028049516181103
manipur,0.1960361041885601,0.07498806618084308,0.12104803800771702
mizoram,0.05140635736483157,0.09519383793080238,-0.043787480565970816
tripura,0.20919787524967615,0.10285867159232143,0.10633920365735472
meghalaya,0.20589875911637767,0.07086266784506745,0.13503609127131022
assam,0.13870261531567718,0.12449765352212627,0.014204961793550908
west bengal,0.15088548017755943,0.09113945222780906,0.05974602794975037
jharkhand,0.19937077229585998,0.08258148688707223,0.11678928540878775
odisha,0.21132073392843265,0.11900233455540832,0.09231839937302433
chhattisgarh,0.20915068405465154,0.10448184878924627,0.10466883526540527
madhya pradesh,0.19393103593628513,0.10341119858300352,0.09051983735328162
gujarat,0.19311122015582405,0.11315849574788261,0.07995272440794143
maharashtra,0.1685048313633375,0.09898544053673075,0.06951939082660674
karnataka,0.17610347444176822,0.1200090419348685,0.056094432506899716
goa,0.2191658735055777,0.0767381810724741,0.1424276924331036
kerala,0.13904786451451434,0.08773701440100123,0.05131085011351311
tamil nadu,0.15793726086255622,0.1069934925651379,0.05094376829741831
puducherry,0.14423119062726952,0.1029529542680494,0.04127823635922012
andaman and nicobar,0.130420283364028,0.07042253701723222,0.05999774634679578
telangana,0.1952762244646944,0.11246011406653378,0.08281611039816061
andhra pradesh,0.18742416224802505,0.12080566287353656,0.0666184993744885
