state,20-21,21-22,22-23
andhra pradesh,5.7,17.36,13.5
arunachal pradesh,1.67,13.92,13.96
assam,-2.03,21.09,19.86
bihar,-2.51,14.64,15.55
chhattisgarh,2.22,16.52,13.12
goa,-1.17,13.63,11.16
gujarat,-0.06,19.34,15.65
haryana,-1.22,19.18,13.25
himachal pradesh,-4.75,13.56,11.36
jharkhand,-4.4,20.97,9.71
karnataka,1.59,20.51,14.76
kerala,-5.07,21.1,11.95
madhya pradesh,2.02,15.46,14.05
maharashtra,-1.12,18.29,13.48
manipur,-0.12,22.9,1.2
meghalaya,-2.86,14.83,10.09
mizoram,-4.27,16.3,17.99
nagaland,0.39,4.04,14.84
odisha,0.49,22.72,13.62
punjab,0.71,14.11,9.55
rajasthan,1.73,17.32,14.44
sikkim,5.02,13.75,13.84
tamil nadu,2.58,15.84,14.16
telangana,-0.74,19.21,16.35
tripura,-1.19,16.91,16.12
uttar pradesh,-3.24,20.1,14.3
uttarakhand,-5.7,18.41,13.71
west bengal,-3.17,16.42,15.24
andaman and nicobar,-4.66,11.39,15.49
chandigarh,-9.22,16.95,17.77
delhi,-6.13,18.41,15.13
jammu and kashmir,2.25,15.23,15.97
puducherry,-2.21,21.09,13.31
